db_size,db_size_num,true_relationship,tested_relationship,loci_set,threshold,n,k,prop,ci_lo,ci_hi
10k,10000,Parent-Child,Parent-Child,Core 13,Top 10,10000,10000,1,0.9996159875222334,0.9999999999999999
20k,20000,Parent-Child,Parent-Child,Core 13,Top 10,10000,10000,1,0.9996159875222334,0.9999999999999999
100k,100000,Parent-Child,Parent-Child,Core 13,Top 10,10000,9995,0.9995,0.9988299568100467,0.9997864147246645
10k,10000,Parent-Child,Parent-Child,Core 13,Top 50,10000,10000,1,0.9996159875222334,0.9999999999999999
20k,20000,Parent-Child,Parent-Child,Core 13,Top 50,10000,10000,1,0.9996159875222334,0.9999999999999999
100k,100000,Parent-Child,Parent-Child,Core 13,Top 50,10000,10000,1,0.9996159875222334,0.9999999999999999
10k,10000,Parent-Child,Parent-Child,Core 13,Top 100,10000,10000,1,0.9996159875222334,0.9999999999999999
20k,20000,Parent-Child,Parent-Child,Core 13,Top 100,10000,10000,1,0.9996159875222334,0.9999999999999999
100k,100000,Parent-Child,Parent-Child,Core 13,Top 100,10000,10000,1,0.9996159875222334,0.9999999999999999
10k,10000,Parent-Child,Parent-Child,Core 13,Top 200,10000,10000,1,0.9996159875222334,0.9999999999999999
20k,20000,Parent-Child,Parent-Child,Core 13,Top 200,10000,10000,1,0.9996159875222334,0.9999999999999999
100k,100000,Parent-Child,Parent-Child,Core 13,Top 200,10000,10000,1,0.9996159875222334,0.9999999999999999
10k,10000,Parent-Child,Parent-Child,Expanded 20,Top 10,10000,10000,1,0.9996159875222334,0.9999999999999999
20k,20000,Parent-Child,Parent-Child,Expanded 20,Top 10,10000,10000,1,0.9996159875222334,0.9999999999999999
100k,100000,Parent-Child,Parent-Child,Expanded 20,Top 10,10000,10000,1,0.9996159875222334,0.9999999999999999
10k,10000,Parent-Child,Parent-Child,Expanded 20,Top 50,10000,10000,1,0.9996159875222334,0.9999999999999999
20k,20000,Parent-Child,Parent-Child,Expanded 20,Top 50,10000,10000,1,0.9996159875222334,0.9999999999999999
100k,100000,Parent-Child,Parent-Child,Expanded 20,Top 50,10000,10000,1,0.9996159875222334,0.9999999999999999
10k,10000,Parent-Child,Parent-Child,Expanded 20,Top 100,10000,10000,1,0.9996159875222334,0.9999999999999999
20k,20000,Parent-Child,Parent-Child,Expanded 20,Top 100,10000,10000,1,0.9996159875222334,0.9999999999999999
100k,100000,Parent-Child,Parent-Child,Expanded 20,Top 100,10000,10000,1,0.9996159875222334,0.9999999999999999
10k,10000,Parent-Child,Parent-Child,Expanded 20,Top 200,10000,10000,1,0.9996159875222334,0.9999999999999999
20k,20000,Parent-Child,Parent-Child,Expanded 20,Top 200,10000,10000,1,0.9996159875222334,0.9999999999999999
100k,100000,Parent-Child,Parent-Child,Expanded 20,Top 200,10000,10000,1,0.9996159875222334,0.9999999999999999
10k,10000,Parent-Child,Full Siblings,Core 13,Top 10,10000,9947,0.9947,0.9930745610923404,0.9959454969621573
20k,20000,Parent-Child,Full Siblings,Core 13,Top 10,10000,9888,0.9888,0.9865415454391036,0.9906830439626317
100k,100000,Parent-Child,Full Siblings,Core 13,Top 10,10000,9643,0.9643,0.960481426202353,0.9677619798107929
10k,10000,Parent-Child,Full Siblings,Core 13,Top 50,10000,9991,0.9991,0.9982902504013439,0.9995264283433495
20k,20000,Parent-Child,Full Siblings,Core 13,Top 50,10000,9983,0.9983,0.9972789915054465,0.9989383016592113
100k,100000,Parent-Child,Full Siblings,Core 13,Top 50,10000,9892,0.9892,0.9869779743101064,0.9910463078816467
10k,10000,Parent-Child,Full Siblings,Core 13,Top 100,10000,9998,0.9998,0.9992709889064336,0.9999451522207908
20k,20000,Parent-Child,Full Siblings,Core 13,Top 100,10000,9993,0.9993,0.9985556471425939,0.9996608779971082
100k,100000,Parent-Child,Full Siblings,Core 13,Top 100,10000,9951,0.9951,0.9935283587352335,0.996291392109282
10k,10000,Parent-Child,Full Siblings,Core 13,Top 200,10000,10000,1,0.9996159875222334,0.9999999999999999
20k,20000,Parent-Child,Full Siblings,Core 13,Top 200,10000,9997,0.9997,0.9991182482825978,0.9998979696471224
100k,100000,Parent-Child,Full Siblings,Core 13,Top 200,10000,9977,0.9977,0.9965508971999048,0.9984668567797265
10k,10000,Parent-Child,Full Siblings,Expanded 20,Top 10,10000,10000,1,0.9996159875222334,0.9999999999999999
20k,20000,Parent-Child,Full Siblings,Expanded 20,Top 10,10000,10000,1,0.9996159875222334,0.9999999999999999
100k,100000,Parent-Child,Full Siblings,Expanded 20,Top 10,10000,9999,0.9999,0.9994337165442557,0.999982347780473
10k,10000,Parent-Child,Full Siblings,Expanded 20,Top 50,10000,10000,1,0.9996159875222334,0.9999999999999999
20k,20000,Parent-Child,Full Siblings,Expanded 20,Top 50,10000,10000,1,0.9996159875222334,0.9999999999999999
100k,100000,Parent-Child,Full Siblings,Expanded 20,Top 50,10000,10000,1,0.9996159875222334,0.9999999999999999
10k,10000,Parent-Child,Full Siblings,Expanded 20,Top 100,10000,10000,1,0.9996159875222334,0.9999999999999999
20k,20000,Parent-Child,Full Siblings,Expanded 20,Top 100,10000,10000,1,0.9996159875222334,0.9999999999999999
100k,100000,Parent-Child,Full Siblings,Expanded 20,Top 100,10000,10000,1,0.9996159875222334,0.9999999999999999
10k,10000,Parent-Child,Full Siblings,Expanded 20,Top 200,10000,10000,1,0.9996159875222334,0.9999999999999999
20k,20000,Parent-Child,Full Siblings,Expanded 20,Top 200,10000,10000,1,0.9996159875222334,0.9999999999999999
100k,100000,Parent-Child,Full Siblings,Expanded 20,Top 200,10000,10000,1,0.9996159875222334,0.9999999999999999
10k,10000,Full Siblings,Parent-Child,Core 13,Top 10,10000,1375,0.1375,0.1308893261772939,0.1443890828690869
20k,20000,Full Siblings,Parent-Child,Core 13,Top 10,10000,1375,0.1375,0.1308893261772939,0.1443890828690869
100k,100000,Full Siblings,Parent-Child,Core 13,Top 10,10000,1375,0.1375,0.1308893261772939,0.1443890828690869
10k,10000,Full Siblings,Parent-Child,Core 13,Top 50,10000,1375,0.1375,0.1308893261772939,0.1443890828690869
20k,20000,Full Siblings,Parent-Child,Core 13,Top 50,10000,1375,0.1375,0.1308893261772939,0.1443890828690869
100k,100000,Full Siblings,Parent-Child,Core 13,Top 50,10000,1375,0.1375,0.1308893261772939,0.1443890828690869
10k,10000,Full Siblings,Parent-Child,Core 13,Top 100,10000,1375,0.1375,0.1308893261772939,0.1443890828690869
20k,20000,Full Siblings,Parent-Child,Core 13,Top 100,10000,1375,0.1375,0.1308893261772939,0.1443890828690869
100k,100000,Full Siblings,Parent-Child,Core 13,Top 100,10000,1375,0.1375,0.1308893261772939,0.1443890828690869
10k,10000,Full Siblings,Parent-Child,Core 13,Top 200,10000,1375,0.1375,0.1308893261772939,0.1443890828690869
20k,20000,Full Siblings,Parent-Child,Core 13,Top 200,10000,1375,0.1375,0.1308893261772939,0.1443890828690869
100k,100000,Full Siblings,Parent-Child,Core 13,Top 200,10000,1375,0.1375,0.1308893261772939,0.1443890828690869
10k,10000,Full Siblings,Parent-Child,Expanded 20,Top 10,10000,402,0.0402,0.036523271820358055,0.04422986605419604
20k,20000,Full Siblings,Parent-Child,Expanded 20,Top 10,10000,402,0.0402,0.036523271820358055,0.04422986605419604
100k,100000,Full Siblings,Parent-Child,Expanded 20,Top 10,10000,402,0.0402,0.036523271820358055,0.04422986605419604
10k,10000,Full Siblings,Parent-Child,Expanded 20,Top 50,10000,402,0.0402,0.036523271820358055,0.04422986605419604
20k,20000,Full Siblings,Parent-Child,Expanded 20,Top 50,10000,402,0.0402,0.036523271820358055,0.04422986605419604
100k,100000,Full Siblings,Parent-Child,Expanded 20,Top 50,10000,402,0.0402,0.036523271820358055,0.04422986605419604
10k,10000,Full Siblings,Parent-Child,Expanded 20,Top 100,10000,402,0.0402,0.036523271820358055,0.04422986605419604
20k,20000,Full Siblings,Parent-Child,Expanded 20,Top 100,10000,402,0.0402,0.036523271820358055,0.04422986605419604
100k,100000,Full Siblings,Parent-Child,Expanded 20,Top 100,10000,402,0.0402,0.036523271820358055,0.04422986605419604
10k,10000,Full Siblings,Parent-Child,Expanded 20,Top 200,10000,402,0.0402,0.036523271820358055,0.04422986605419604
20k,20000,Full Siblings,Parent-Child,Expanded 20,Top 200,10000,402,0.0402,0.036523271820358055,0.04422986605419604
100k,100000,Full Siblings,Parent-Child,Expanded 20,Top 200,10000,402,0.0402,0.036523271820358055,0.04422986605419604
10k,10000,Full Siblings,Full Siblings,Core 13,Top 10,10000,9685,0.9685,0.9648925948264948,0.9717475854818378
20k,20000,Full Siblings,Full Siblings,Core 13,Top 10,10000,9605,0.9605,0.9565020879296973,0.9641442365782797
100k,100000,Full Siblings,Full Siblings,Core 13,Top 10,10000,9319,0.9319,0.9267947262691065,0.9366735637525985
10k,10000,Full Siblings,Full Siblings,Core 13,Top 50,10000,9861,0.9861,0.9836115010659705,0.9882151620031447
20k,20000,Full Siblings,Full Siblings,Core 13,Top 50,10000,9801,0.9801,0.9771726872404704,0.982658583978378
100k,100000,Full Siblings,Full Siblings,Core 13,Top 50,10000,9612,0.9612,0.9572343656144804,0.9648114212760277
10k,10000,Full Siblings,Full Siblings,Core 13,Top 100,10000,9912,0.9912,0.9891714948150462,0.9928512513267959
20k,20000,Full Siblings,Full Siblings,Core 13,Top 100,10000,9866,0.9866,0.9841522258286299,0.9886740532280076
100k,100000,Full Siblings,Full Siblings,Core 13,Top 100,10000,9698,0.9698,0.9662610958109578,0.9729780860649327
10k,10000,Full Siblings,Full Siblings,Core 13,Top 200,10000,9957,0.9957,0.9942133470999059,0.9968059429296363
20k,20000,Full Siblings,Full Siblings,Core 13,Top 200,10000,9917,0.9917,0.9897233048004503,0.993299057328914
100k,100000,Full Siblings,Full Siblings,Core 13,Top 200,10000,9775,0.9775,0.9744046763657523,0.9802285917179807
10k,10000,Full Siblings,Full Siblings,Expanded 20,Top 10,10000,9985,0.9985,0.9975263931899461,0.9990907463697207
20k,20000,Full Siblings,Full Siblings,Expanded 20,Top 10,10000,9976,0.9976,0.9964311979663745,0.9983866328157522
100k,100000,Full Siblings,Full Siblings,Expanded 20,Top 10,10000,9942,0.9942,0.9925100976227563,0.995510344444219
10k,10000,Full Siblings,Full Siblings,Expanded 20,Top 50,10000,9993,0.9993,0.9985556471425939,0.9996608779971082
20k,20000,Full Siblings,Full Siblings,Expanded 20,Top 50,10000,9990,0.999,0.9981600356239995,0.9994567199231894
100k,100000,Full Siblings,Full Siblings,Expanded 20,Top 50,10000,9975,0.9975,0.9963118932274996,0.9983060143571229
10k,10000,Full Siblings,Full Siblings,Expanded 20,Top 100,10000,9997,0.9997,0.9991182482825978,0.9998979696471224
20k,20000,Full Siblings,Full Siblings,Expanded 20,Top 100,10000,9993,0.9993,0.9985556471425939,0.9996608779971082
100k,100000,Full Siblings,Full Siblings,Expanded 20,Top 100,10000,9983,0.9983,0.9972789915054465,0.9989383016592113
10k,10000,Full Siblings,Full Siblings,Expanded 20,Top 200,10000,9999,0.9999,0.9994337165442557,0.999982347780473
20k,20000,Full Siblings,Full Siblings,Expanded 20,Top 200,10000,9997,0.9997,0.9991182482825978,0.9998979696471224
100k,100000,Full Siblings,Full Siblings,Expanded 20,Top 200,10000,9988,0.9988,0.9979035066029937,0.9993134025491864
10k,10000,Half Siblings,Parent-Child,Core 13,Top 10,10000,120,0.012,0.01004544337902728,0.014329352799272863
20k,20000,Half Siblings,Parent-Child,Core 13,Top 10,10000,120,0.012,0.01004544337902728,0.014329352799272863
100k,100000,Half Siblings,Parent-Child,Core 13,Top 10,10000,120,0.012,0.01004544337902728,0.014329352799272863
10k,10000,Half Siblings,Parent-Child,Core 13,Top 50,10000,120,0.012,0.01004544337902728,0.014329352799272863
20k,20000,Half Siblings,Parent-Child,Core 13,Top 50,10000,120,0.012,0.01004544337902728,0.014329352799272863
100k,100000,Half Siblings,Parent-Child,Core 13,Top 50,10000,120,0.012,0.01004544337902728,0.014329352799272863
10k,10000,Half Siblings,Parent-Child,Core 13,Top 100,10000,120,0.012,0.01004544337902728,0.014329352799272863
20k,20000,Half Siblings,Parent-Child,Core 13,Top 100,10000,120,0.012,0.01004544337902728,0.014329352799272863
100k,100000,Half Siblings,Parent-Child,Core 13,Top 100,10000,120,0.012,0.01004544337902728,0.014329352799272863
10k,10000,Half Siblings,Parent-Child,Core 13,Top 200,10000,120,0.012,0.01004544337902728,0.014329352799272863
20k,20000,Half Siblings,Parent-Child,Core 13,Top 200,10000,120,0.012,0.01004544337902728,0.014329352799272863
100k,100000,Half Siblings,Parent-Child,Core 13,Top 200,10000,120,0.012,0.01004544337902728,0.014329352799272863
10k,10000,Half Siblings,Parent-Child,Expanded 20,Top 10,10000,8,8e-4,4.054288421193391e-4,0.0015779692156827755
20k,20000,Half Siblings,Parent-Child,Expanded 20,Top 10,10000,8,8e-4,4.054288421193391e-4,0.0015779692156827755
100k,100000,Half Siblings,Parent-Child,Expanded 20,Top 10,10000,8,8e-4,4.054288421193391e-4,0.0015779692156827755
10k,10000,Half Siblings,Parent-Child,Expanded 20,Top 50,10000,8,8e-4,4.054288421193391e-4,0.0015779692156827755
20k,20000,Half Siblings,Parent-Child,Expanded 20,Top 50,10000,8,8e-4,4.054288421193391e-4,0.0015779692156827755
100k,100000,Half Siblings,Parent-Child,Expanded 20,Top 50,10000,8,8e-4,4.054288421193391e-4,0.0015779692156827755
10k,10000,Half Siblings,Parent-Child,Expanded 20,Top 100,10000,8,8e-4,4.054288421193391e-4,0.0015779692156827755
20k,20000,Half Siblings,Parent-Child,Expanded 20,Top 100,10000,8,8e-4,4.054288421193391e-4,0.0015779692156827755
100k,100000,Half Siblings,Parent-Child,Expanded 20,Top 100,10000,8,8e-4,4.054288421193391e-4,0.0015779692156827755
10k,10000,Half Siblings,Parent-Child,Expanded 20,Top 200,10000,8,8e-4,4.054288421193391e-4,0.0015779692156827755
20k,20000,Half Siblings,Parent-Child,Expanded 20,Top 200,10000,8,8e-4,4.054288421193391e-4,0.0015779692156827755
100k,100000,Half Siblings,Parent-Child,Expanded 20,Top 200,10000,8,8e-4,4.054288421193391e-4,0.0015779692156827755
10k,10000,Half Siblings,Full Siblings,Core 13,Top 10,10000,5600,0.56,0.550249616068441,0.5697043024342271
20k,20000,Half Siblings,Full Siblings,Core 13,Top 10,10000,5003,0.5003,0.4905017684010619,0.5100980011914514
100k,100000,Half Siblings,Full Siblings,Core 13,Top 10,10000,3731,0.3731,0.3636713102793646,0.3826261520874924
10k,10000,Half Siblings,Full Siblings,Core 13,Top 50,10000,7005,0.7005,0.69144683426624,0.7093991767301756
20k,20000,Half Siblings,Full Siblings,Core 13,Top 50,10000,6446,0.6446,0.6351648756165882,0.6539240679748417
100k,100000,Half Siblings,Full Siblings,Core 13,Top 50,10000,5023,0.5023,0.492501102237952,0.5120971313046503
10k,10000,Half Siblings,Full Siblings,Core 13,Top 100,10000,7584,0.7584,0.749911954953313,0.766689587398177
20k,20000,Half Siblings,Full Siblings,Core 13,Top 100,10000,7020,0.702,0.6929591771967256,0.7108856817622566
100k,100000,Half Siblings,Full Siblings,Core 13,Top 100,10000,5616,0.5616,0.5518528413156092,0.5712998483471299
10k,10000,Half Siblings,Full Siblings,Core 13,Top 200,10000,8135,0.8135,0.805745740046591,0.8210134841298493
20k,20000,Half Siblings,Full Siblings,Core 13,Top 200,10000,7608,0.7608,0.752339591708904,0.769060107382693
100k,100000,Half Siblings,Full Siblings,Core 13,Top 200,10000,6230,0.623,0.6134556287031344,0.6324499042273349
10k,10000,Half Siblings,Full Siblings,Expanded 20,Top 10,10000,7810,0.781,0.7727869858186558,0.7889971991688394
20k,20000,Half Siblings,Full Siblings,Expanded 20,Top 10,10000,7364,0.7364,0.7276749367012164,0.7449435021992957
100k,100000,Half Siblings,Full Siblings,Expanded 20,Top 10,10000,6204,0.6204,0.6108438463487815,0.6298636834465721
10k,10000,Half Siblings,Full Siblings,Expanded 20,Top 50,10000,8804,0.8804,0.8738933984595498,0.8866144448473652
20k,20000,Half Siblings,Full Siblings,Expanded 20,Top 50,10000,8433,0.8433,0.8360433702275956,0.85029296680517
100k,100000,Half Siblings,Full Siblings,Expanded 20,Top 50,10000,7385,0.7385,0.7297963276870183,0.7470204983610871
10k,10000,Half Siblings,Full Siblings,Expanded 20,Top 100,10000,9121,0.9121,0.9063908293900542,0.9174926675257706
20k,20000,Half Siblings,Full Siblings,Expanded 20,Top 100,10000,8803,0.8803,0.8737911418181286,0.8865167782912822
100k,100000,Half Siblings,Full Siblings,Expanded 20,Top 100,10000,7859,0.7859,0.7777511530429696,0.7938292686222436
10k,10000,Half Siblings,Full Siblings,Expanded 20,Top 200,10000,9399,0.9399,0.9350705333107975,0.9443916125112634
20k,20000,Half Siblings,Full Siblings,Expanded 20,Top 200,10000,9134,0.9134,0.9077275610241651,0.9187549374592174
100k,100000,Half Siblings,Full Siblings,Expanded 20,Top 200,10000,8295,0.8295,0.8220027963382609,0.8367441394388909
