locus,AfAm,Asian,Cauc,Hispanic,AfAm_minus_Asian
F13B,0.837965,0.611525,0.811105,0.80147,0.22644
LPL,0.833185,0.679905,0.792755,0.78188,0.15328
F13A01,0.864435,0.760385,0.81535,0.85343,0.10405
TPOX,0.83969,0.7362,0.755485,0.782,0.10349
D13S317,0.79992,0.86634,0.853855,0.88597,-0.06642
Penta_D,0.917325,0.85632,0.877995,0.88675,0.061005
Penta_C,0.87006,0.82631,0.83093,0.851045,0.04375
D22S1045,0.879885,0.837685,0.81143,0.784525,0.0422
D19S433,0.899845,0.86119,0.839475,0.85845,0.038655
D8S1179,0.865205,0.89931,0.86688,0.869575,-0.0341050000000001
TH01,0.82532,0.794305,0.840745,0.849535,0.031015
D5S818,0.83038,0.86085,0.793365,0.805315,-0.03047
FESFPS,0.846385,0.81681,0.79369,0.789285,0.029575
D18S51,0.91412,0.887845,0.913035,0.91496,0.0262750000000001
D21S11,0.89245,0.86954,0.8798,0.885115,0.02291
D3S1358,0.82775,0.80551,0.856845,0.838885,0.02224
CSF1PO,0.85039,0.83039,0.810765,0.8096,0.02
D10S1248,0.86487,0.847425,0.83484,0.83126,0.017445
D2S1338,0.92636,0.90977,0.918175,0.91496,0.01659
vWA,0.870975,0.85546,0.86815,0.86058,0.0155150000000001
D1S1656,0.90599,0.891135,0.929325,0.91984,0.014855
D16S539,0.85995,0.846025,0.83839,0.858945,0.013925
FGA,0.90819,0.89474,0.902315,0.917355,0.0134500000000001
D12S391,0.899285,0.88813,0.923545,0.91312,0.011155
D7S820,0.84549,0.83565,0.873045,0.849935,0.00983999999999996
SE33,0.94609,0.95547,0.959355,0.95465,-0.00938000000000006
Penta_E,0.93272,0.94101,0.92149,0.935775,-0.00829000000000002
D2S441,0.834245,0.82817,0.842095,0.82744,0.00607500000000005
D6S1043,0.911225,0.91671,0.876245,0.90887,-0.00548500000000007
